{"cameraMode":{"drawMode":0,"name":"Shaded","section":"Shading Mode"},"sceneLighting":true,"audioPlay":false,"sceneViewState":{"showFog":true,"showMaterialUpdate":false,"showSkybox":true,"showFlares":true,"showImageEffects":true,"showParticleSystems":true},"in2DMode":false,"pivot":{"x":-3.5920002460479738,"y":-0.19800055027008058,"z":9.465002059936524},"rotation":{"x":-0.06494653224945069,"y":0.9340025782585144,"z":-0.22442223131656648,"w":-0.2702954113483429},"size":7.085169315338135,"orthographic":false}